章節,題號,題目內容,選項A,選項B,選項C,選項D,選項E,正確答案,難易度,詳解,連貫題組別,自編題目,題目來源
第10章　雜湊表,1,何謂「雜湊表」？,一種將元素依大小順序排列的資料結構,一種按照樹狀結構排列的資料結構,一種將鍵值依雜湊函數計算索引或位址的資料結構,一種根據「先進先出」規則的資料結構,,C,easy,雜湊表（Hash Table）是一種透過雜湊函數（Hash Function）將鍵值（Key）映射到陣列索引的資料結構，以達到快速存取的目的。,,,
第10章　雜湊表,2,電腦科學領域中，「雜湊表」的主要目的為何？,依大小順序排列儲存資料,依壓縮的格式儲存資料,提供有效率的資料存取,對資料進行數學運算,,C,easy,雜湊表的主要目的是提供有效率的資料存取。在理想情況下，搜尋、插入、刪除操作都可以達到 O(1) 的時間複雜度，非常適合需要快速查詢的場景。,,,
第10章　雜湊表,3,「雜湊表」的基本操作為何？,搜尋,插入,刪除,以上皆是,,D,easy,雜湊表支援三種基本操作：搜尋（Search）、插入（Insert）和刪除（Delete）。這三種操作在理想情況下的時間複雜度均為 O(1)。,,,
第10章　雜湊表,4,下列哪種資料結構在搜尋單筆資料時最有效率？,鏈結串列,堆疊,佇列,二元搜尋樹,雜湊表,E,medium,雜湊表在理想情況下的搜尋時間複雜度為 O(1)，而鏈結串列為 O(n)、堆疊和佇列為 O(n)、二元搜尋樹為 O(log n)。因此雜湊表在搜尋單筆資料時最有效率。,,,
第10章　雜湊表,5,「雜湊表」的搜尋，在最壞情況下的時間複雜度為何？,O(1),O(log n),O(n),O(n log n),以上皆非,C,medium,在最壞情況下，所有鍵值都產生碰撞（被映射到同一個位置），雜湊表退化為鏈結串列，搜尋時間複雜度為 O(n)。,,,
第10章　雜湊表,6,「雜湊表」的插入，在最壞情況下的時間複雜度為何？,O(1),O(log n),O(n),O(n log n),以上皆非,C,medium,與搜尋類似，在最壞情況下所有鍵值都碰撞，插入操作也需要 O(n) 的時間來處理碰撞（如鏈結法需要遍歷鏈結串列）。,,,
第10章　雜湊表,7,下列何者是造成「雜湊表」碰撞問題的主要原因？,兩筆鍵值的雜湊函數值相等,雜湊表已滿,雜湊函數計算錯誤,兩筆鍵值相同,,A,easy,碰撞（Collision）發生在兩個不同的鍵值透過雜湊函數計算出相同的雜湊值（索引）時。這是因為雜湊函數將無限的鍵值空間映射到有限的陣列空間所導致的必然結果。,,,
第10章　雜湊表,8,下列方法中，何者不是用來解決「雜湊表」的碰撞問題？,線性探測 (Linear Probing),二次探測 (Quadratic Probing),雙重雜湊 (Double Hashing),指數探測 (Exponential Probing),,D,medium,常見的碰撞處理方法有：線性探測、二次探測、雙重雜湊（屬於開放地址法），以及鏈結法（Separate Chaining）。指數探測（Exponential Probing）不是標準的碰撞處理方法。,,,
第10章　雜湊表,9,何謂「雙重雜湊」(Double Hashing)？,使用兩個不同的雜湊函數，以解決碰撞問題,若相同的鍵值，則使用兩次雜湊函數,一種加密的方法,使得雜湊表的大小變為原來兩倍的方法,,A,medium,雙重雜湊（Double Hashing）是開放地址法的一種。當發生碰撞時，使用第二個雜湊函數來計算探測的間隔步長，公式為：hash(key) + i × hash₂(key)。這樣可以有效減少聚集現象。,,,
